ID,Name,Country,Data,Validity (Days),Price (EUR)
1238,TR 512 MB / 7 Days,Turkey,512 MB,7,0.50
387,GB 512 MB / 7 Days,United Kingdom,512 MB,7,0.75
204,CH 512 MB / 7 Days,Switzerland,512 MB,7,0.75
711,KZ 512 MB / 7 Days,Kazakhstan,512 MB,7,0.75
516,ID 512 MB / 7 Days,Indonesia,512 MB,7,0.75
1321,VN 512 MB / 7 Days,Vietnam,512 MB,7,0.75
887,MY 512 MB / 7 Days,Malaysia,512 MB,7,0.75
1310,UZ 512 MB / 7 Days,Uzbekistan,512 MB,7,0.75
1197,TH 512 MB / 7 Days,Thailand,512 MB,7,0.75
1243,TR 1 GB / 7 Days,Turkey,1 GB,7,0.75
1130,SG 512 MB / 7 Days,Singapore,512 MB,7,0.75
470,HK 512 MB / 7 Days,Hong Kong,512 MB,7,0.75
628,JP 512 MB / 7 Days,Japan,512 MB,7,0.75
1282,US 512 MB / 7 Days,United States,512 MB,7,1.00
1269,UA 1 GB / 7 Days,Ukraine,1 GB,7,1.00
438,GR 512 MB / 7 Days,Greece,512 MB,7,1.00
24,AL 512 MB / 7 Days,Albania,512 MB,7,1.00
1024,PK 512 MB / 7 Days,Pakistan,512 MB,7,1.00
1534,SG 1 GB / 1 Days,Singapore,1 GB,1,1.00
301,DZ 512 MB / 7 Days,Algeria,512 MB,7,1.00
1083,RO 1 GB / 7 Days,Romania,1 GB,7,1.25
1035,PL 1 GB / 7 Days,Poland,1 GB,7,1.25
370,FR 1 GB / 7 Days,France,1 GB,7,1.25
266,DE 1 GB / 7 Days,Germany,1 GB,7,1.25
1092,RS 512 MB / 7 Days,Serbia,512 MB,7,1.25
336,ES 1 GB / 7 Days,Spain,1 GB,7,1.25
781,MD 1 GB / 7 Days,Moldova,1 GB,7,1.25
594,IT 1 GB / 7 Days,Italy,1 GB,7,1.25
23,AL 512 MB / 1 Days,Albania,512 MB,1,1.25
350,FI 1 GB / 7 Days,Finland,1 GB,7,1.25
967,NO 1 GB / 7 Days,Norway,1 GB,7,1.25
690,KH 512 MB / 7 Days,Cambodia,512 MB,7,1.25
700,KW 512 MB / 7 Days,Kuwait,512 MB,7,1.25
829,MO 1 GB / 7 Days,Macao,1 GB,7,1.25
1305,UY 102 MB / 7 Days,Uruguay,102 MB,7,1.25
955,NL 1 GB / 7 Days,Netherlands,1 GB,7,1.50
1531,SE 1 GB / 1 Days,Sweden,1 GB,1,1.50
1528,RO 1 GB / 1 Days,Romania,1 GB,1,1.50
1440,DK 1 GB / 1 Days,Denmark,1 GB,1,1.50
1469,IE 1 GB / 1 Days,Ireland,1 GB,1,1.50
1407,AT 1 GB / 1 Days,Austria,1 GB,1,1.50
1417,BE 1 GB / 1 Days,Belgium,1 GB,1,1.50
1420,BG 1 GB / 1 Days,Bulgaria,1 GB,1,1.50
1466,HU 1 GB / 1 Days,Hungary,1 GB,1,1.50
1536,SK 1 GB / 1 Days,Slovakia,1 GB,1,1.50
1450,FI 1 GB / 1 Days,Finland,1 GB,1,1.50
1518,NO 1 GB / 1 Days,Norway,1 GB,1,1.50
256,CZ 1 GB / 7 Days,Czech Republic,1 GB,7,1.50
1436,CZ 1 GB / 1 Days,Czech Republic,1 GB,1,1.50
847,MT 1 GB / 7 Days,Malta,1 GB,7,1.50
1548,VN 1 GB / 1 Days,Vietnam,1 GB,1,1.50
563,IN 512 MB / 7 Days,India,512 MB,7,1.50
681,KG 1 GB / 7 Days,Kyrgyzstan,1 GB,7,1.50
1509,MY 1 GB / 1 Days,Malaysia,1 GB,1,1.50
1025,PK 1 GB / 7 Days,Pakistan,1 GB,7,1.50
1433,CY 1 GB / 1 Days,Cyprus,1 GB,1,1.50
34,AM 512 MB / 7 Days,Armenia,512 MB,7,1.50
1461,HK 1 GB / 1 Days,Hong Kong,1 GB,1,1.50
763,MA 512 MB / 7 Days,Morocco,512 MB,7,1.50
931,NE 102 MB / 7 Days,Niger,102 MB,7,1.50
873,MX 512 MB / 7 Days,Mexico,512 MB,7,1.75
1516,NL 1 GB / 1 Days,Netherlands,1 GB,1,1.75
754,LV 1 GB / 7 Days,Latvia,1 GB,7,1.75
1122,SE 1 GB / 7 Days,Sweden,1 GB,7,1.75
1048,PT 1 GB / 7 Days,Portugal,1 GB,7,1.75
1524,PT 1 GB / 1 Days,Portugal,1 GB,1,1.75
315,EE 1 GB / 7 Days,Estonia,1 GB,7,1.75
281,DK 1 GB / 7 Days,Denmark,1 GB,7,1.75
543,IE 1 GB / 7 Days,Ireland,1 GB,7,1.75
736,LT 1 GB / 7 Days,Lithuania,1 GB,7,1.75
497,HR 1 GB / 7 Days,Croatia,1 GB,7,1.75
1463,HR 1 GB / 1 Days,Croatia,1 GB,1,1.75
57,AT 1 GB / 7 Days,Austria,1 GB,7,1.75
1153,SI 1 GB / 7 Days,Slovenia,1 GB,7,1.75
113,BE 1 GB / 7 Days,Belgium,1 GB,7,1.75
123,BG 1 GB / 7 Days,Bulgaria,1 GB,7,1.75
507,HU 1 GB / 7 Days,Hungary,1 GB,7,1.75
1161,SK 1 GB / 7 Days,Slovakia,1 GB,7,1.75
25,AL 1 GB / 1 Days,Albania,1 GB,1,1.75
746,LU 1 GB / 7 Days,Luxembourg,1 GB,7,1.75
790,ME 1 GB / 7 Days,Montenegro,1 GB,7,1.75
1010,PH 512 MB / 7 Days,Philippines,512 MB,7,1.75
1472,IL 1 GB / 1 Days,Israel,1 GB,1,1.75
246,CY 1 GB / 7 Days,Cyprus,1 GB,7,1.75
616,JO 512 MB / 7 Days,Jordan,512 MB,7,1.75
1454,GE 1 GB / 1 Days,Georgia,1 GB,1,1.75
1535,SG 2 GB / 1 Days,Singapore,2 GB,1,1.75
1257,TZ 512 MB / 7 Days,Tanzania,512 MB,7,1.75
325,EG 512 MB / 7 Days,Egypt,512 MB,7,1.75
1443,DZ 1 GB / 1 Days,Algeria,1 GB,1,1.75
1229,TN 512 MB / 7 Days,Tunisia,512 MB,7,1.75
1362,EU 1 GB / 7 Days,Europe,1 GB,7,1.75
26,AL 1 GB / 7 Days,Albania,1 GB,7,2.00
102,BD 1 GB / 7 Days,Bangladesh,1 GB,7,2.00
1068,QA 512 MB / 7 Days,Qatar,512 MB,7,2.00
76,AZ 512 MB / 7 Days,Azerbaijan,512 MB,7,2.00
1346,ZA 512 MB / 7 Days,South Africa,512 MB,7,2.00
46,AR 512 MB / 7 Days,Argentina,512 MB,7,2.00
219,CL 512 MB / 7 Days,Chile,512 MB,7,2.00
68,AX 1 GB / 7 Days,Aland Islands,1 GB,7,2.25
1247,TR 3 GB / 15 Days,Turkey,3 GB,15,2.25
998,PE 512 MB / 7 Days,Peru,512 MB,7,2.25
156,BR 512 MB / 7 Days,Brazil,512 MB,7,2.25
1441,DK 2 GB / 1 Days,Denmark,2 GB,1,2.50
1470,IE 2 GB / 1 Days,Ireland,2 GB,1,2.50
1408,AT 2 GB / 1 Days,Austria,2 GB,1,2.50
584,IS 1 GB / 7 Days,Iceland,1 GB,7,2.50
1480,IS 1 GB / 1 Days,Iceland,1 GB,1,2.50
1481,IS 1 GB / 1 Days,Iceland,1 GB,1,2.50
1521,PH 1 GB / 1 Days,Philippines,1 GB,1,2.50
1475,IN 1 GB / 1 Days,India,1 GB,1,2.50
1510,MY 2 GB / 1 Days,Malaysia,2 GB,1,2.50
551,IL 1 GB / 7 Days,Israel,1 GB,7,2.50
1491,KW 1 GB / 1 Days,Kuwait,1 GB,1,2.50
412,GE 1 GB / 7 Days,Georgia,1 GB,7,2.50
1462,HK 2 GB / 1 Days,Hong Kong,2 GB,1,2.50
957,NL 3 GB / 15 Days,Netherlands,3 GB,15,2.75
1532,SE 2 GB / 1 Days,Sweden,2 GB,1,2.75
1529,RO 2 GB / 1 Days,Romania,2 GB,1,2.75
1271,UA 3 GB / 15 Days,Ukraine,3 GB,15,2.75
1418,BE 2 GB / 1 Days,Belgium,2 GB,1,2.75
1421,BG 2 GB / 1 Days,Bulgaria,2 GB,1,2.75
1467,HU 2 GB / 1 Days,Hungary,2 GB,1,2.75
783,MD 3 GB / 15 Days,Moldova,3 GB,15,2.75
1537,SK 2 GB / 1 Days,Slovakia,2 GB,1,2.75
1451,FI 2 GB / 1 Days,Finland,2 GB,1,2.75
1519,NO 2 GB / 1 Days,Norway,2 GB,1,2.75
1437,CZ 2 GB / 1 Days,Czech Republic,2 GB,1,2.75
88,BA 1 GB / 7 Days,Bosnia,1 GB,7,2.75
1411,BA 1 GB / 1 Days,Bosnia,1 GB,1,2.75
1549,VN 2 GB / 1 Days,Vietnam,2 GB,1,2.75
1434,CY 2 GB / 1 Days,Cyprus,2 GB,1,2.75
978,OM 1 GB / 7 Days,Oman,1 GB,7,2.75
1541,TN 1 GB / 1 Days,Tunisia,1 GB,1,2.75
235,CO 512 MB / 7 Days,Colombia,512 MB,7,2.75
393,GB 3 GB / 15 Days,United Kingdom,3 GB,15,3.00
1517,NL 2 GB / 1 Days,Netherlands,2 GB,1,3.00
1525,PT 2 GB / 1 Days,Portugal,2 GB,1,3.00
1085,RO 3 GB / 15 Days,Romania,3 GB,15,3.00
1039,PL 3 GB / 15 Days,Poland,3 GB,15,3.00
374,FR 3 GB / 15 Days,France,3 GB,15,3.00
1453,FR 3 GB / 1 Days,France,3 GB,1,3.00
270,DE 3 GB / 15 Days,Germany,3 GB,15,3.00
1439,DE 3 GB / 1 Days,Germany,3 GB,1,3.00
1464,HR 2 GB / 1 Days,Croatia,2 GB,1,3.00
340,ES 3 GB / 15 Days,Spain,3 GB,15,3.00
598,IT 3 GB / 15 Days,Italy,3 GB,15,3.00
27,AL 2 GB / 1 Days,Albania,2 GB,1,3.00
352,FI 3 GB / 15 Days,Finland,3 GB,15,3.00
210,CH 3 GB / 15 Days,Switzerland,3 GB,15,3.00
1430,CH 3 GB / 1 Days,Switzerland,3 GB,1,3.00
969,NO 3 GB / 15 Days,Norway,3 GB,15,3.00
848,MT 3 GB / 15 Days,Malta,3 GB,15,3.00
525,ID 3 GB / 15 Days,Indonesia,3 GB,15,3.00
895,MY 3 GB / 15 Days,Malaysia,3 GB,15,3.00
1473,IL 2 GB / 1 Days,Israel,2 GB,1,3.00
1315,UZ 3 GB / 15 Days,Uzbekistan,3 GB,15,3.00
1207,TH 3 GB / 15 Days,Thailand,3 GB,15,3.00
1070,QA 1 GB / 7 Days,Qatar,1 GB,7,3.00
1455,GE 2 GB / 1 Days,Georgia,2 GB,1,3.00
1138,SG 3 GB / 15 Days,Singapore,3 GB,15,3.00
474,HK 3 GB / 15 Days,Hong Kong,3 GB,15,3.00
640,JP 3 GB / 15 Days,Japan,3 GB,15,3.00
833,MO 3 GB / 15 Days,Macao,3 GB,15,3.00
1502,MO 3 GB / 1 Days,Macao,3 GB,1,3.00
1446,EG 1 GB / 1 Days,Egypt,1 GB,1,3.00
1444,DZ 2 GB / 1 Days,Algeria,2 GB,1,3.00
1057,PY 1 GB / 7 Days,Paraguay,1 GB,7,3.00
485,HN 1 GB / 7 Days,Honduras,1 GB,7,3.00
947,NI 1 GB / 7 Days,Nicaragua,1 GB,7,3.00
453,GT 1 GB / 7 Days,Guatemala,1 GB,7,3.00
1442,DK 3 GB / 1 Days,Denmark,3 GB,1,3.50
186,BY 1 GB / 7 Days,Belarus,1 GB,7,3.50
1460,GR 3 GB / 1 Days,Greece,3 GB,1,3.50
716,KZ 3 GB / 15 Days,Kazakhstan,3 GB,15,3.50
683,KG 3 GB / 15 Days,Kyrgyzstan,3 GB,15,3.50
1511,MY 3 GB / 1 Days,Malaysia,3 GB,1,3.50
723,LA 1 GB / 7 Days,Laos,1 GB,7,3.50
1484,JO 1 GB / 1 Days,Jordan,1 GB,1,3.50
1221,TJ 1 GB / 7 Days,Tajikistan,1 GB,7,3.50
419,GH 1 GB / 7 Days,Ghana,1 GB,7,3.50
907,MZ 1 GB / 7 Days,Mozambique,1 GB,7,3.50
1348,ZA 1 GB / 7 Days,South Africa,1 GB,7,3.50
360,FJ 1 GB / 7 Days,Fiji,1 GB,7,3.50
1290,US 3 GB / 15 Days,United States,3 GB,15,4.00
755,LV 3 GB / 15 Days,Latvia,3 GB,15,4.00
1124,SE 3 GB / 15 Days,Sweden,3 GB,15,4.00
1050,PT 3 GB / 15 Days,Portugal,3 GB,15,4.00
1526,PT 3 GB / 1 Days,Portugal,3 GB,1,4.00
317,EE 3 GB / 15 Days,Estonia,3 GB,15,4.00
283,DK 3 GB / 15 Days,Denmark,3 GB,15,4.00
1273,UA 5 GB / 30 Days,Ukraine,5 GB,30,4.00
545,IE 3 GB / 15 Days,Ireland,3 GB,15,4.00
738,LT 3 GB / 15 Days,Lithuania,3 GB,15,4.00
499,HR 3 GB / 15 Days,Croatia,3 GB,15,4.00
59,AT 3 GB / 15 Days,Austria,3 GB,15,4.00
1409,AT 3 GB / 1 Days,Austria,3 GB,1,4.00
1155,SI 3 GB / 15 Days,Slovenia,3 GB,15,4.00
115,BE 3 GB / 15 Days,Belgium,3 GB,15,4.00
125,BG 3 GB / 15 Days,Bulgaria,3 GB,15,4.00
509,HU 3 GB / 15 Days,Hungary,3 GB,15,4.00
444,GR 3 GB / 15 Days,Greece,3 GB,15,4.00
1162,SK 3 GB / 15 Days,Slovakia,3 GB,15,4.00
748,LU 3 GB / 15 Days,Luxembourg,3 GB,15,4.00
794,ME 3 GB / 15 Days,Montenegro,3 GB,15,4.00
258,CZ 3 GB / 15 Days,Czech Republic,3 GB,15,4.00
1412,BA 2 GB / 1 Days,Bosnia,2 GB,1,4.00
1329,VN 3 GB / 15 Days,Vietnam,3 GB,15,4.00
576,IQ 1 GB / 7 Days,Iraq,1 GB,7,4.00
1477,IQ 1 GB / 1 Days,Iraq,1 GB,1,4.00
248,CY 3 GB / 15 Days,Cyprus,3 GB,15,4.00
670,KE 512 MB / 7 Days,Kenya,512 MB,7,4.00
913,NA 1 GB / 7 Days,Namibia,1 GB,7,4.00
1550,ZA 1 GB / 1 Days,South Africa,1 GB,1,4.00
1426,BR 1 GB / 1 Days,Brazil,1 GB,1,4.00
1307,UY 1 GB / 7 Days,Uruguay,1 GB,7,4.00
1507,MX 1 GB / 1 Days,Mexico,1 GB,1,4.50
395,GB 5 GB / 30 Days,United Kingdom,5 GB,30,4.50
959,NL 5 GB / 30 Days,Netherlands,5 GB,30,4.50
1087,RO 5 GB / 30 Days,Romania,5 GB,30,4.50
1041,PL 5 GB / 30 Days,Poland,5 GB,30,4.50
377,FR 5 GB / 30 Days,France,5 GB,30,4.50
273,DE 5 GB / 30 Days,Germany,5 GB,30,4.50
1098,RS 3 GB / 15 Days,Serbia,3 GB,15,4.50
342,ES 5 GB / 30 Days,Spain,5 GB,30,4.50
785,MD 5 GB / 30 Days,Moldova,5 GB,30,4.50
601,IT 5 GB / 30 Days,Italy,5 GB,30,4.50
354,FI 5 GB / 30 Days,Finland,5 GB,30,4.50
212,CH 5 GB / 30 Days,Switzerland,5 GB,30,4.50
971,NO 5 GB / 30 Days,Norway,5 GB,30,4.50
531,ID 5 GB / 30 Days,Indonesia,5 GB,30,4.50
899,MY 5 GB / 30 Days,Malaysia,5 GB,30,4.50
1213,TH 5 GB / 30 Days,Thailand,5 GB,30,4.50
1143,SG 5 GB / 30 Days,Singapore,5 GB,30,4.50
477,HK 5 GB / 30 Days,Hong Kong,5 GB,30,4.50
650,JP 5 GB / 30 Days,Japan,5 GB,30,4.50
838,MO 5 GB / 30 Days,Macao,5 GB,30,4.50
937,NG 512 MB / 7 Days,Nigeria,512 MB,7,4.50
1306,UY 512 MB / 7 Days,Uruguay,512 MB,7,4.50
988,PA 512 MB / 7 Days,Panama,512 MB,7,4.50
432,GP 1 GB / 7 Days,Guadeloupe,1 GB,7,4.99
1544,UA 10 GB / 1 Days,Ukraine,10 GB,1,4.99
1482,IS 2 GB / 1 Days,Iceland,2 GB,1,4.99
28,AL 3 GB / 15 Days,Albania,3 GB,15,4.99
428,GI 1 GB / 7 Days,Gibraltar,1 GB,7,4.99
1522,PH 2 GB / 1 Days,Philippines,2 GB,1,4.99
1476,IN 2 GB / 1 Days,India,2 GB,1,4.99
1490,KH 3 GB / 1 Days,Cambodia,3 GB,1,4.99
1317,UZ 5 GB / 30 Days,Uzbekistan,5 GB,30,4.99
1415,BD 3 GB / 1 Days,Bangladesh,3 GB,1,4.99
305,DZ 3 GB / 15 Days,Algeria,3 GB,15,4.99
1294,US 5 GB / 30 Days,United States,5 GB,30,5.50
127,BG 5 GB / 30 Days,Bulgaria,5 GB,30,5.50
585,IS 3 GB / 15 Days,Iceland,3 GB,15,5.50
29,AL 3 GB / 30 Days,Albania,3 GB,30,5.50
69,AX 3 GB / 15 Days,Aland Islands,3 GB,15,5.50
1413,BA 2 GB / 1 Days,Bosnia,2 GB,1,5.50
685,KG 5 GB / 30 Days,Kyrgyzstan,5 GB,30,5.50
105,BD 3 GB / 15 Days,Bangladesh,3 GB,15,5.50
821,MN 1 GB / 7 Days,Mongolia,1 GB,7,5.50
1499,MN 1 GB / 1 Days,Mongolia,1 GB,1,5.50
1492,KW 2 GB / 1 Days,Kuwait,2 GB,1,5.50
1542,TN 2 GB / 1 Days,Tunisia,2 GB,1,5.50
148,BO 512 MB / 7 Days,Bolivia,512 MB,7,5.50
757,LV 5 GB / 30 Days,Latvia,5 GB,30,6.00
1126,SE 5 GB / 30 Days,Sweden,5 GB,30,6.00
1052,PT 5 GB / 30 Days,Portugal,5 GB,30,6.00
319,EE 5 GB / 30 Days,Estonia,5 GB,30,6.00
285,DK 5 GB / 30 Days,Denmark,5 GB,30,6.00
547,IE 5 GB / 30 Days,Ireland,5 GB,30,6.00
740,LT 5 GB / 30 Days,Lithuania,5 GB,30,6.00
501,HR 5 GB / 30 Days,Croatia,5 GB,30,6.00
61,AT 5 GB / 30 Days,Austria,5 GB,30,6.00
1157,SI 5 GB / 30 Days,Slovenia,5 GB,30,6.00
117,BE 5 GB / 30 Days,Belgium,5 GB,30,6.00
511,HU 5 GB / 30 Days,Hungary,5 GB,30,6.00
446,GR 5 GB / 30 Days,Greece,5 GB,30,6.00
1164,SK 5 GB / 30 Days,Slovakia,5 GB,30,6.00
750,LU 5 GB / 30 Days,Luxembourg,5 GB,30,6.00
797,ME 5 GB / 30 Days,Montenegro,5 GB,30,6.00
260,CZ 5 GB / 30 Days,Czech Republic,5 GB,30,6.00
718,KZ 5 GB / 30 Days,Kazakhstan,5 GB,30,6.00
694,KH 3 GB / 15 Days,Cambodia,3 GB,15,6.00
250,CY 5 GB / 30 Days,Cyprus,5 GB,30,6.00
1447,EG 2 GB / 1 Days,Egypt,2 GB,1,6.00
1497,MD 10 GB / 1 Days,Moldova,10 GB,1,6.50
1483,IS 3 GB / 1 Days,Iceland,3 GB,1,6.50
1498,ME 10 GB / 1 Days,Montenegro,10 GB,1,6.50
1494,KZ 10 GB / 1 Days,Kazakhstan,10 GB,1,6.50
1332,VN 5 GB / 30 Days,Vietnam,5 GB,30,6.50
568,IN 3 GB / 15 Days,India,3 GB,15,6.50
1489,KG 10 GB / 1 Days,Kyrgyzstan,10 GB,1,6.50
554,IL 3 GB / 15 Days,Israel,3 GB,15,6.50
1547,UZ 10 GB / 1 Days,Uzbekistan,10 GB,1,6.50
1030,PK 5 GB / 30 Days,Pakistan,5 GB,30,6.50
1523,PK 10 GB / 1 Days,Pakistan,10 GB,1,6.50
705,KW 3 GB / 15 Days,Kuwait,3 GB,15,6.50
621,JO 3 GB / 15 Days,Jordan,3 GB,15,6.50
1485,JO 2 GB / 1 Days,Jordan,2 GB,1,6.50
414,GE 3 GB / 15 Days,Georgia,3 GB,15,6.50
39,AM 3 GB / 15 Days,Armenia,3 GB,15,6.50
769,MA 3 GB / 15 Days,Morocco,3 GB,15,6.50
1496,MA 3 GB / 1 Days,Morocco,3 GB,1,6.50
1233,TN 3 GB / 15 Days,Tunisia,3 GB,15,6.50
1099,RS 5 GB / 30 Days,Serbia,5 GB,30,7.00
90,BA 3 GB / 15 Days,Bosnia,3 GB,15,7.00
1169,SN 512 MB / 7 Days,Senegal,512 MB,7,7.00
932,NE 512 MB / 7 Days,Niger,512 MB,7,7.00
1515,NE 10 GB / 1 Days,Niger,10 GB,1,7.00
608,JM 512 MB / 7 Days,Jamaica,512 MB,7,7.00
1478,IQ 2 GB / 1 Days,Iraq,2 GB,1,7.50
1252,TR 10 GB / 30 Days,Turkey,10 GB,30,7.50
981,OM 3 GB / 15 Days,Oman,3 GB,15,7.50
1448,EG 3 GB / 1 Days,Egypt,3 GB,1,7.50
1192,TD 1 GB / 7 Days,Chad,1 GB,7,7.50
307,DZ 5 GB / 30 Days,Algeria,5 GB,30,7.50
1356,ZM 1 GB / 7 Days,Zambia,1 GB,7,7.50
1427,BR 2 GB / 1 Days,Brazil,2 GB,1,7.50
878,MX 3 GB / 15 Days,Mexico,3 GB,15,8.00
1508,MX 2 GB / 1 Days,Mexico,2 GB,1,8.00
397,GB 10 GB / 30 Days,United Kingdom,10 GB,30,8.00
1088,RO 10 GB / 30 Days,Romania,10 GB,30,8.00
378,FR 10 GB / 30 Days,France,10 GB,30,8.00
274,DE 10 GB / 30 Days,Germany,10 GB,30,8.00
1274,UA 10 GB / 30 Days,Ukraine,10 GB,30,8.00
1471,IE 10 GB / 1 Days,Ireland,10 GB,1,8.00
343,ES 10 GB / 30 Days,Spain,10 GB,30,8.00
603,IT 10 GB / 30 Days,Italy,10 GB,30,8.00
355,FI 10 GB / 30 Days,Finland,10 GB,30,8.00
213,CH 10 GB / 30 Days,Switzerland,10 GB,30,8.00
972,NO 10 GB / 30 Days,Norway,10 GB,30,8.00
534,ID 10 GB / 30 Days,Indonesia,10 GB,30,8.00
1015,PH 3 GB / 15 Days,Philippines,3 GB,15,8.00
901,MY 10 GB / 30 Days,Malaysia,10 GB,30,8.00
1512,MY 10 GB / 1 Days,Malaysia,10 GB,1,8.00
1215,TH 10 GB / 30 Days,Thailand,10 GB,30,8.00
3,AF 1 GB / 7 Days,Afghanistan,1 GB,7,8.00
143,BN 1 GB / 7 Days,Brunei,1 GB,7,8.00
1145,SG 10 GB / 30 Days,Singapore,10 GB,30,8.00
480,HK 10 GB / 30 Days,Hong Kong,10 GB,30,8.00
657,JP 10 GB / 30 Days,Japan,10 GB,30,8.00
840,MO 10 GB / 30 Days,Macao,10 GB,30,8.00
329,EG 3 GB / 15 Days,Egypt,3 GB,15,8.00
229,CM 1 GB / 7 Days,Cameroon,1 GB,7,8.00
1277,UG 1 GB / 7 Days,Uganda,1 GB,7,8.00
868,MW 1 GB / 7 Days,Malawi,1 GB,7,8.00
933,NE 1 GB / 7 Days,Niger,1 GB,7,8.00
856,MU 1 GB / 7 Days,Mauritius,1 GB,7,8.00
1113,SC 1 GB / 7 Days,Seychelles,1 GB,7,8.00
1551,ZA 2 GB / 1 Days,South Africa,2 GB,1,8.00
961,NL 10 GB / 30 Days,Netherlands,10 GB,30,8.50
1533,SE 10 GB / 1 Days,Sweden,10 GB,1,8.50
1530,RO 10 GB / 1 Days,Romania,10 GB,1,8.50
1043,PL 10 GB / 30 Days,Poland,10 GB,30,8.50
1419,BE 10 GB / 1 Days,Belgium,10 GB,1,8.50
1422,BG 10 GB / 1 Days,Bulgaria,10 GB,1,8.50
1468,HU 10 GB / 1 Days,Hungary,10 GB,1,8.50
786,MD 10 GB / 30 Days,Moldova,10 GB,30,8.50
1538,SK 10 GB / 1 Days,Slovakia,10 GB,1,8.50
30,AL 5 GB / 30 Days,Albania,5 GB,30,8.50
1452,FI 10 GB / 1 Days,Finland,10 GB,1,8.50
1520,NO 10 GB / 1 Days,Norway,10 GB,1,8.50
1438,CZ 10 GB / 1 Days,Czech Republic,10 GB,1,8.50
1474,IL 10 GB / 1 Days,Israel,10 GB,1,8.50
1435,CY 10 GB / 1 Days,Cyprus,10 GB,1,8.50
132,BJ 1 GB / 7 Days,Benin,1 GB,7,8.50
180,BW 1 GB / 7 Days,Botswana,1 GB,7,8.50
50,AR 3 GB / 15 Days,Argentina,3 GB,15,8.50
161,BR 3 GB / 15 Days,Brazil,3 GB,15,8.50
459,GY 1 GB / 7 Days,Guyana,1 GB,7,8.50
1174,SR 1 GB / 7 Days,Suriname,1 GB,7,8.50
489,HN 3 GB / 15 Days,Honduras,3 GB,15,8.50
949,NI 3 GB / 15 Days,Nicaragua,3 GB,15,8.50
1465,HR 10 GB / 1 Days,Croatia,10 GB,1,9.00
188,BY 3 GB / 15 Days,Belarus,3 GB,15,9.00
851,MT 10 GB / 30 Days,Malta,10 GB,30,9.00
107,BD 5 GB / 30 Days,Bangladesh,5 GB,30,9.00
1416,BD 10 GB / 1 Days,Bangladesh,10 GB,1,9.00
1456,GE 10 GB / 1 Days,Georgia,10 GB,1,9.00
1222,TJ 3 GB / 15 Days,Tajikistan,3 GB,15,9.00
81,AZ 3 GB / 15 Days,Azerbaijan,3 GB,15,9.00
422,GH 3 GB / 15 Days,Ghana,3 GB,15,9.00
1061,PY 3 GB / 15 Days,Paraguay,3 GB,15,9.00
455,GT 3 GB / 15 Days,Guatemala,3 GB,15,9.00
725,LA 3 GB / 15 Days,Laos,3 GB,15,9.50
1262,TZ 3 GB / 15 Days,Tanzania,3 GB,15,9.50
1445,DZ 10 GB / 1 Days,Algeria,10 GB,1,9.50
362,FJ 3 GB / 15 Days,Fiji,3 GB,15,9.50
1298,US 10 GB / 30 Days,United States,10 GB,30,9.99
15,AI 1 GB / 7 Days,Anguilla,1 GB,7,9.99
758,LV 10 GB / 30 Days,Latvia,10 GB,30,9.99
1127,SE 10 GB / 30 Days,Sweden,10 GB,30,9.99
1053,PT 10 GB / 30 Days,Portugal,10 GB,30,9.99
320,EE 10 GB / 30 Days,Estonia,10 GB,30,9.99
286,DK 10 GB / 30 Days,Denmark,10 GB,30,9.99
548,IE 10 GB / 30 Days,Ireland,10 GB,30,9.99
502,HR 10 GB / 30 Days,Croatia,10 GB,30,9.99
62,AT 10 GB / 30 Days,Austria,10 GB,30,9.99
1158,SI 10 GB / 30 Days,Slovenia,10 GB,30,9.99
118,BE 10 GB / 30 Days,Belgium,10 GB,30,9.99
128,BG 10 GB / 30 Days,Bulgaria,10 GB,30,9.99
512,HU 10 GB / 30 Days,Hungary,10 GB,30,9.99
448,GR 10 GB / 30 Days,Greece,10 GB,30,9.99
1165,SK 10 GB / 30 Days,Slovakia,10 GB,30,9.99
751,LU 10 GB / 30 Days,Luxembourg,10 GB,30,9.99
261,CZ 10 GB / 30 Days,Czech Republic,10 GB,30,9.99
686,KG 10 GB / 30 Days,Kyrgyzstan,10 GB,30,9.99
557,IL 5 GB / 30 Days,Israel,5 GB,30,9.99
696,KH 5 GB / 30 Days,Cambodia,5 GB,30,9.99
1495,LA 3 GB / 1 Days,Laos,3 GB,1,9.99
1318,UZ 10 GB / 30 Days,Uzbekistan,10 GB,30,9.99
251,CY 10 GB / 30 Days,Cyprus,10 GB,30,9.99
707,KW 5 GB / 30 Days,Kuwait,5 GB,30,9.99
416,GE 5 GB / 30 Days,Georgia,5 GB,30,9.99
41,AM 5 GB / 30 Days,Armenia,5 GB,30,9.99
1503,MV 1 GB / 1 Days,Maldives,1 GB,1,9.99
771,MA 5 GB / 30 Days,Morocco,5 GB,30,9.99
908,MZ 3 GB / 15 Days,Mozambique,3 GB,15,9.99
909,MZ 3 GB / 30 Days,Mozambique,3 GB,30,9.99
1235,TN 5 GB / 30 Days,Tunisia,5 GB,30,9.99
730,LR 1 GB / 7 Days,Liberia,1 GB,7,9.99
919,NA 3 GB / 15 Days,Namibia,3 GB,15,9.99
223,CL 3 GB / 15 Days,Chile,3 GB,15,9.99
95,BB 1 GB / 7 Days,Barbados,1 GB,7,9.99
403,GD 1 GB / 7 Days,Grenada,1 GB,7,9.99
1380,EU 5 GB / 30 Days,Europe,5 GB,30,9.99
1403,AL 10 GB / 1 Days,Albania,10 GB,1,11.00
800,ME 10 GB / 30 Days,Montenegro,10 GB,30,11.00
719,KZ 10 GB / 30 Days,Kazakhstan,10 GB,30,11.00
579,IQ 3 GB / 15 Days,Iraq,3 GB,15,11.00
1003,PE 3 GB / 15 Days,Peru,3 GB,15,11.00
1308,UY 3 GB / 15 Days,Uruguay,3 GB,15,11.00
433,GP 3 GB / 15 Days,Guadeloupe,3 GB,15,12.00
1429,BY 10 GB / 1 Days,Belarus,10 GB,1,12.00
776,MC 1 GB / 7 Days,Monaco,1 GB,7,12.00
429,GI 3 GB / 15 Days,Gibraltar,3 GB,15,12.00
91,BA 5 GB / 30 Days,Bosnia,5 GB,30,12.00
1337,VN 10 GB / 30 Days,Vietnam,10 GB,30,12.00
1017,PH 5 GB / 30 Days,Philippines,5 GB,30,12.00
1253,TR 20 GB / 30 Days,Turkey,20 GB,30,12.00
983,OM 5 GB / 30 Days,Oman,5 GB,30,12.00
862,MV 1 GB / 7 Days,Maldives,1 GB,7,12.00
239,CO 3 GB / 15 Days,Colombia,3 GB,15,12.00
1432,CO 3 GB / 1 Days,Colombia,3 GB,1,12.00
1100,RS 10 GB / 30 Days,Serbia,10 GB,30,13.00
430,GI 3 GB / 30 Days,Gibraltar,3 GB,30,13.00
1031,PK 10 GB / 30 Days,Pakistan,10 GB,30,13.00
1077,QA 5 GB / 30 Days,Qatar,5 GB,30,13.00
308,DZ 10 GB / 30 Days,Algeria,10 GB,30,13.00
1545,UG 2 GB / 1 Days,Uganda,2 GB,1,13.00
173,BS 1 GB / 7 Days,Bahamas,1 GB,7,13.00
292,DM 1 GB / 7 Days,Dominica,1 GB,7,13.00
398,GB 20 GB / 30 Days,United Kingdom,20 GB,30,14.00
1089,RO 20 GB / 30 Days,Romania,20 GB,30,14.00
1044,PL 20 GB / 30 Days,Poland,20 GB,30,14.00
380,FR 20 GB / 30 Days,France,20 GB,30,14.00
276,DE 20 GB / 30 Days,Germany,20 GB,30,14.00
345,ES 20 GB / 30 Days,Spain,20 GB,30,14.00
604,IT 20 GB / 30 Days,Italy,20 GB,30,14.00
215,CH 20 GB / 30 Days,Switzerland,20 GB,30,14.00
973,NO 20 GB / 30 Days,Norway,20 GB,30,14.00
537,ID 20 GB / 30 Days,Indonesia,20 GB,30,14.00
903,MY 20 GB / 30 Days,Malaysia,20 GB,30,14.00
1218,TH 20 GB / 30 Days,Thailand,20 GB,30,14.00
1423,BN 2 GB / 1 Days,Brunei,2 GB,1,14.00
1405,AM 10 GB / 1 Days,Armenia,10 GB,1,14.00
1147,SG 20 GB / 30 Days,Singapore,20 GB,30,14.00
481,HK 20 GB / 30 Days,Hong Kong,20 GB,30,14.00
662,JP 20 GB / 30 Days,Japan,20 GB,30,14.00
843,MO 20 GB / 30 Days,Macao,20 GB,30,14.00
52,AR 5 GB / 30 Days,Argentina,5 GB,30,14.00
165,BR 5 GB / 30 Days,Brazil,5 GB,30,14.00
490,HN 5 GB / 30 Days,Honduras,5 GB,30,14.00
950,NI 5 GB / 30 Days,Nicaragua,5 GB,30,14.00
456,GT 5 GB / 30 Days,Guatemala,5 GB,30,14.00
1275,UA 20 GB / 30 Days,Ukraine,20 GB,30,15.00
190,BY 5 GB / 30 Days,Belarus,5 GB,30,15.00
31,AL 10 GB / 30 Days,Albania,10 GB,30,15.00
356,FI 20 GB / 30 Days,Finland,20 GB,30,15.00
727,LA 5 GB / 30 Days,Laos,5 GB,30,15.00
1493,KW 10 GB / 1 Days,Kuwait,10 GB,1,15.00
1223,TJ 5 GB / 30 Days,Tajikistan,5 GB,30,15.00
83,AZ 5 GB / 30 Days,Azerbaijan,5 GB,30,15.00
1263,TZ 5 GB / 30 Days,Tanzania,5 GB,30,15.00
1513,MZ 5 GB / 30 Days,Mozambique,5 GB,30,15.00
1543,TN 10 GB / 1 Days,Tunisia,10 GB,1,15.00
1185,SZ 1 GB / 7 Days,Swaziland,1 GB,7,15.00
923,NA 5 GB / 30 Days,Namibia,5 GB,30,15.00
1063,PY 5 GB / 30 Days,Paraguay,5 GB,30,15.00
195,BZ 1 GB / 7 Days,Belize,1 GB,7,15.00
962,NL 20 GB / 30 Days,Netherlands,20 GB,30,16.00
288,DK 20 GB / 30 Days,Denmark,20 GB,30,16.00
549,IE 20 GB / 30 Days,Ireland,20 GB,30,16.00
503,HR 20 GB / 30 Days,Croatia,20 GB,30,16.00
787,MD 20 GB / 30 Days,Moldova,20 GB,30,16.00
1414,BA 10 GB / 1 Days,Bosnia,10 GB,1,16.00
109,BD 10 GB / 30 Days,Bangladesh,10 GB,30,16.00
822,MN 3 GB / 15 Days,Mongolia,3 GB,15,16.00
1500,MN 3 GB / 1 Days,Mongolia,3 GB,1,16.00
1410,AZ 10 GB / 1 Days,Azerbaijan,10 GB,1,16.00
1457,GH 10 GB / 1 Days,Ghana,10 GB,1,16.00
1236,TN 10 GB / 30 Days,Tunisia,10 GB,30,16.00
1104,RW 1 GB / 7 Days,Rwanda,1 GB,7,16.00
1352,ZA 5 GB / 30 Days,South Africa,5 GB,30,16.00
226,CL 5 GB / 30 Days,Chile,5 GB,30,16.00
364,FJ 5 GB / 30 Days,Fiji,5 GB,30,16.00
759,LV 20 GB / 30 Days,Latvia,20 GB,30,18.00
1128,SE 20 GB / 30 Days,Sweden,20 GB,30,18.00
1055,PT 20 GB / 30 Days,Portugal,20 GB,30,18.00
321,EE 20 GB / 30 Days,Estonia,20 GB,30,18.00
741,LT 10 GB / 30 Days,Lithuania,10 GB,30,18.00
64,AT 20 GB / 30 Days,Austria,20 GB,30,18.00
1159,SI 20 GB / 30 Days,Slovenia,20 GB,30,18.00
119,BE 20 GB / 30 Days,Belgium,20 GB,30,18.00
513,HU 20 GB / 30 Days,Hungary,20 GB,30,18.00
449,GR 20 GB / 30 Days,Greece,20 GB,30,18.00
588,IS 10 GB / 30 Days,Iceland,10 GB,30,18.00
1166,SK 20 GB / 30 Days,Slovakia,20 GB,30,18.00
752,LU 20 GB / 30 Days,Luxembourg,20 GB,30,18.00
262,CZ 20 GB / 30 Days,Czech Republic,20 GB,30,18.00
73,AX 10 GB / 30 Days,Aland Islands,10 GB,30,18.00
852,MT 20 GB / 30 Days,Malta,20 GB,30,18.00
559,IL 10 GB / 30 Days,Israel,10 GB,30,18.00
697,KH 10 GB / 30 Days,Cambodia,10 GB,30,18.00
581,IQ 5 GB / 30 Days,Iraq,5 GB,30,18.00
1501,MN 3 GB / 30 Days,Mongolia,3 GB,30,18.00
1540,TJ 10 GB / 1 Days,Tajikistan,10 GB,1,18.00
1449,EG 10 GB / 1 Days,Egypt,10 GB,1,18.00
773,MA 10 GB / 30 Days,Morocco,10 GB,30,18.00
1386,EU 10 GB / 30 Days,Europe,10 GB,30,18.00
1301,US 20 GB / 30 Days,United States,20 GB,30,19.99
129,BG 20 GB / 30 Days,Bulgaria,20 GB,30,19.99
720,KZ 20 GB / 30 Days,Kazakhstan,20 GB,30,19.99
572,IN 10 GB / 30 Days,India,10 GB,30,19.99
687,KG 20 GB / 30 Days,Kyrgyzstan,20 GB,30,19.99
1342,YE 1 GB / 7 Days,Yemen,1 GB,7,19.99
1319,UZ 20 GB / 30 Days,Uzbekistan,20 GB,30,19.99
6,AF 3 GB / 15 Days,Afghanistan,3 GB,15,19.99
252,CY 20 GB / 30 Days,Cyprus,20 GB,30,19.99
708,KW 10 GB / 30 Days,Kuwait,10 GB,30,19.99
624,JO 10 GB / 30 Days,Jordan,10 GB,30,19.99
1486,JO 10 GB / 1 Days,Jordan,10 GB,1,19.99
144,BN 3 GB / 15 Days,Brunei,3 GB,15,19.99
145,BN 3 GB / 30 Days,Brunei,3 GB,30,19.99
417,GE 10 GB / 30 Days,Georgia,10 GB,30,19.99
42,AM 10 GB / 30 Days,Armenia,10 GB,30,19.99
941,NG 3 GB / 15 Days,Nigeria,3 GB,15,19.99
674,KE 3 GB / 15 Days,Kenya,3 GB,15,19.99
1487,KE 3 GB / 1 Days,Kenya,3 GB,1,19.99
1278,UG 3 GB / 15 Days,Uganda,3 GB,15,19.99
1357,ZM 3 GB / 15 Days,Zambia,3 GB,15,19.99
1358,ZM 3 GB / 30 Days,Zambia,3 GB,30,19.99
857,MU 3 GB / 15 Days,Mauritius,3 GB,15,19.99
1115,SC 3 GB / 15 Days,Seychelles,3 GB,15,19.99
241,CO 5 GB / 30 Days,Colombia,5 GB,30,19.99
1406,AR 10 GB / 1 Days,Argentina,10 GB,1,19.99
462,GY 3 GB / 15 Days,Guyana,3 GB,15,19.99
992,PA 3 GB / 15 Days,Panama,3 GB,15,19.99
807,ME 20 GB / 30 Days,Montenegro,20 GB,30,22.00
1458,GI 10 GB / 1 Days,Gibraltar,10 GB,1,22.00
1459,GI 5 GB / 30 Days,Gibraltar,5 GB,30,22.00
92,BA 10 GB / 30 Days,Bosnia,10 GB,30,22.00
1339,VN 20 GB / 30 Days,Vietnam,20 GB,30,22.00
1019,PH 10 GB / 30 Days,Philippines,10 GB,30,22.00
1479,IQ 10 GB / 1 Days,Iraq,10 GB,1,22.00
1032,PK 20 GB / 30 Days,Pakistan,20 GB,30,22.00
984,OM 10 GB / 30 Days,Oman,10 GB,30,22.00
1079,QA 10 GB / 30 Days,Qatar,10 GB,30,22.00
1424,BN 3 GB / 1 Days,Brunei,3 GB,1,22.00
332,EG 10 GB / 30 Days,Egypt,10 GB,30,22.00
230,CM 3 GB / 15 Days,Cameroon,3 GB,15,22.00
1193,TD 3 GB / 15 Days,Chad,3 GB,15,22.00
1194,TD 3 GB / 30 Days,Chad,3 GB,30,22.00
309,DZ 20 GB / 30 Days,Algeria,20 GB,30,22.00
869,MW 3 GB / 15 Days,Malawi,3 GB,15,22.00
870,MW 3 GB / 30 Days,Malawi,3 GB,30,22.00
934,NE 3 GB / 15 Days,Niger,3 GB,15,22.00
1428,BR 10 GB / 1 Days,Brazil,10 GB,1,22.00
1177,SR 3 GB / 15 Days,Suriname,3 GB,15,22.00
1431,CL 10 GB / 1 Days,Chile,10 GB,1,22.00
493,HN 10 GB / 30 Days,Honduras,10 GB,30,22.00
951,NI 10 GB / 30 Days,Nicaragua,10 GB,30,22.00
882,MX 10 GB / 30 Days,Mexico,10 GB,30,24.00
1101,RS 20 GB / 30 Days,Serbia,20 GB,30,24.00
1171,SN 3 GB / 15 Days,Senegal,3 GB,15,24.00
135,BJ 3 GB / 15 Days,Benin,3 GB,15,24.00
181,BW 3 GB / 15 Days,Botswana,3 GB,15,24.00
731,LR 3 GB / 15 Days,Liberia,3 GB,15,24.00
732,LR 3 GB / 30 Days,Liberia,3 GB,30,24.00
1552,ZA 3 GB / 1 Days,South Africa,3 GB,1,24.00
1553,ZA 10 GB / 1 Days,South Africa,10 GB,1,24.00
53,AR 10 GB / 30 Days,Argentina,10 GB,30,24.00
167,BR 10 GB / 30 Days,Brazil,10 GB,30,24.00
150,BO 3 GB / 15 Days,Bolivia,3 GB,15,24.00
823,MN 5 GB / 30 Days,Mongolia,5 GB,30,25.00
1504,MV 3 GB / 1 Days,Maldives,3 GB,1,25.00
426,GH 10 GB / 30 Days,Ghana,10 GB,30,25.00
926,NA 10 GB / 30 Days,Namibia,10 GB,30,25.00
1065,PY 10 GB / 30 Days,Paraguay,10 GB,30,25.00
457,GT 10 GB / 30 Days,Guatemala,10 GB,30,25.00
17,AI 3 GB / 15 Days,Anguilla,3 GB,15,29.99
399,GB 50 GB / 30 Days,United Kingdom,50 GB,30,29.99
381,FR 50 GB / 30 Days,France,50 GB,30,29.99
277,DE 50 GB / 30 Days,Germany,50 GB,30,29.99
742,LT 20 GB / 30 Days,Lithuania,20 GB,30,29.99
191,BY 10 GB / 30 Days,Belarus,10 GB,30,29.99
346,ES 50 GB / 30 Days,Spain,50 GB,30,29.99
605,IT 50 GB / 30 Days,Italy,50 GB,30,29.99
590,IS 20 GB / 30 Days,Iceland,20 GB,30,29.99
777,MC 3 GB / 15 Days,Monaco,3 GB,15,29.99
32,AL 20 GB / 30 Days,Albania,20 GB,30,29.99
216,CH 50 GB / 30 Days,Switzerland,50 GB,30,29.99
539,ID 50 GB / 30 Days,Indonesia,50 GB,30,29.99
905,MY 50 GB / 30 Days,Malaysia,50 GB,30,29.99
560,IL 20 GB / 30 Days,Israel,20 GB,30,29.99
728,LA 10 GB / 30 Days,Laos,10 GB,30,29.99
110,BD 20 GB / 30 Days,Bangladesh,20 GB,30,29.99
1254,TR 50 GB / 30 Days,Turkey,50 GB,30,29.99
418,GE 20 GB / 30 Days,Georgia,20 GB,30,29.99
1224,TJ 10 GB / 30 Days,Tajikistan,10 GB,30,29.99
1150,SG 50 GB / 30 Days,Singapore,50 GB,30,29.99
482,HK 50 GB / 30 Days,Hong Kong,50 GB,30,29.99
84,AZ 10 GB / 30 Days,Azerbaijan,10 GB,30,29.99
665,JP 50 GB / 30 Days,Japan,50 GB,30,29.99
845,MO 50 GB / 30 Days,Macao,50 GB,30,29.99
943,NG 5 GB / 30 Days,Nigeria,5 GB,30,29.99
1265,TZ 10 GB / 30 Days,Tanzania,10 GB,30,29.99
774,MA 20 GB / 30 Days,Morocco,20 GB,30,29.99
1514,MZ 10 GB / 30 Days,Mozambique,10 GB,30,29.99
1359,ZM 5 GB / 30 Days,Zambia,5 GB,30,29.99
1117,SC 5 GB / 30 Days,Seychelles,5 GB,30,29.99
1354,ZA 10 GB / 30 Days,South Africa,10 GB,30,29.99
227,CL 10 GB / 30 Days,Chile,10 GB,30,29.99
610,JM 3 GB / 15 Days,Jamaica,3 GB,15,29.99
97,BB 3 GB / 15 Days,Barbados,3 GB,15,29.99
405,GD 3 GB / 15 Days,Grenada,3 GB,15,29.99
1390,EU 20 GB / 30 Days,Europe,20 GB,30,29.99
434,GP 10 GB / 30 Days,Guadeloupe,10 GB,30,32.00
74,AX 20 GB / 30 Days,Aland Islands,20 GB,30,32.00
431,GI 10 GB / 30 Days,Gibraltar,10 GB,30,32.00
1020,PH 20 GB / 30 Days,Philippines,20 GB,30,32.00
698,KH 20 GB / 30 Days,Cambodia,20 GB,30,32.00
582,IQ 10 GB / 30 Days,Iraq,10 GB,30,32.00
9,AF 5 GB / 30 Days,Afghanistan,5 GB,30,32.00
709,KW 20 GB / 30 Days,Kuwait,20 GB,30,32.00
625,JO 20 GB / 30 Days,Jordan,20 GB,30,32.00
863,MV 3 GB / 15 Days,Maldives,3 GB,15,32.00
676,KE 5 GB / 30 Days,Kenya,5 GB,30,32.00
1195,TD 5 GB / 30 Days,Chad,5 GB,30,32.00
1237,TN 20 GB / 30 Days,Tunisia,20 GB,30,32.00
871,MW 5 GB / 30 Days,Malawi,5 GB,30,32.00
859,MU 5 GB / 30 Days,Mauritius,5 GB,30,32.00
242,CO 10 GB / 30 Days,Colombia,10 GB,30,32.00
1006,PE 10 GB / 30 Days,Peru,10 GB,30,32.00
365,FJ 10 GB / 30 Days,Fiji,10 GB,30,32.00
994,PA 5 GB / 30 Days,Panama,5 GB,30,32.00
175,BS 3 GB / 15 Days,Bahamas,3 GB,15,32.00
294,DM 3 GB / 15 Days,Dominica,3 GB,15,32.00
963,NL 50 GB / 30 Days,Netherlands,50 GB,30,35.00
289,DK 50 GB / 180 Days,Denmark,50 GB,180,35.00
550,IE 50 GB / 180 Days,Ireland,50 GB,180,35.00
65,AT 50 GB / 180 Days,Austria,50 GB,180,35.00
120,BE 50 GB / 180 Days,Belgium,50 GB,180,35.00
514,HU 50 GB / 180 Days,Hungary,50 GB,180,35.00
450,GR 50 GB / 30 Days,Greece,50 GB,30,35.00
573,IN 20 GB / 30 Days,India,20 GB,30,35.00
1080,QA 20 GB / 30 Days,Qatar,20 GB,30,35.00
43,AM 20 GB / 30 Days,Armenia,20 GB,30,35.00
1488,KE 10 GB / 1 Days,Kenya,10 GB,1,35.00
333,EG 20 GB / 30 Days,Egypt,20 GB,30,35.00
231,CM 5 GB / 30 Days,Cameroon,5 GB,30,35.00
1172,SN 5 GB / 30 Days,Senegal,5 GB,30,35.00
1279,UG 5 GB / 30 Days,Uganda,5 GB,30,35.00
1187,SZ 3 GB / 15 Days,Swaziland,3 GB,15,35.00
137,BJ 5 GB / 30 Days,Benin,5 GB,30,35.00
182,BW 5 GB / 30 Days,Botswana,5 GB,30,35.00
733,LR 5 GB / 30 Days,Liberia,5 GB,30,35.00
151,BO 5 GB / 30 Days,Bolivia,5 GB,30,35.00
197,BZ 3 GB / 15 Days,Belize,3 GB,15,35.00
883,MX 20 GB / 30 Days,Mexico,20 GB,30,40.00
778,MC 5 GB / 30 Days,Monaco,5 GB,30,40.00
985,OM 20 GB / 30 Days,Oman,20 GB,30,40.00
1546,UG 10 GB / 1 Days,Uganda,10 GB,1,40.00
1505,MW 10 GB / 1 Days,Malawi,10 GB,1,40.00
1106,RW 3 GB / 15 Days,Rwanda,3 GB,15,40.00
169,BR 20 GB / 30 Days,Brazil,20 GB,30,40.00
494,HN 20 GB / 30 Days,Honduras,20 GB,30,40.00
952,NI 20 GB / 30 Days,Nicaragua,20 GB,30,40.00
612,JM 5 GB / 30 Days,Jamaica,5 GB,30,40.00
1303,US 50 GB / 30 Days,United States,50 GB,30,49.99
19,AI 5 GB / 30 Days,Anguilla,5 GB,30,49.99
760,LV 50 GB / 180 Days,Latvia,50 GB,180,49.99
1527,PT 50 GB / 30 Days,Portugal,50 GB,30,49.99
322,EE 50 GB / 180 Days,Estonia,50 GB,180,49.99
1090,RO 50 GB / 180 Days,Romania,50 GB,180,49.99
1045,PL 50 GB / 180 Days,Poland,50 GB,180,49.99
504,HR 50 GB / 180 Days,Croatia,50 GB,180,49.99
192,BY 20 GB / 30 Days,Belarus,20 GB,30,49.99
1160,SI 50 GB / 180 Days,Slovenia,50 GB,180,49.99
130,BG 50 GB / 180 Days,Bulgaria,50 GB,180,49.99
1167,SK 50 GB / 180 Days,Slovakia,50 GB,180,49.99
357,FI 50 GB / 180 Days,Finland,50 GB,180,49.99
753,LU 50 GB / 180 Days,Luxembourg,50 GB,180,49.99
974,NO 50 GB / 180 Days,Norway,50 GB,180,49.99
263,CZ 50 GB / 180 Days,Czech Republic,50 GB,180,49.99
1343,YE 3 GB / 15 Days,Yemen,3 GB,15,49.99
824,MN 10 GB / 30 Days,Mongolia,10 GB,30,49.99
1404,AF 10 GB / 1 Days,Afghanistan,10 GB,1,49.99
253,CY 50 GB / 180 Days,Cyprus,50 GB,180,49.99
1226,TJ 20 GB / 30 Days,Tajikistan,20 GB,30,49.99
85,AZ 20 GB / 30 Days,Azerbaijan,20 GB,30,49.99
1266,TZ 20 GB / 30 Days,Tanzania,20 GB,30,49.99
310,DZ 50 GB / 30 Days,Algeria,50 GB,30,49.99
928,NA 20 GB / 90 Days,Namibia,20 GB,90,49.99
54,AR 20 GB / 30 Days,Argentina,20 GB,30,49.99
1066,PY 20 GB / 30 Days,Paraguay,20 GB,30,49.99
458,GT 20 GB / 30 Days,Guatemala,20 GB,30,49.99
99,BB 5 GB / 30 Days,Barbados,5 GB,30,49.99
407,GD 5 GB / 30 Days,Grenada,5 GB,30,49.99
435,GP 20 GB / 30 Days,Guadeloupe,20 GB,30,55.00
729,LA 20 GB / 30 Days,Laos,20 GB,30,55.00
583,IQ 20 GB / 30 Days,Iraq,20 GB,30,55.00
1220,TH 50 GB / 180 Days,Thailand,50 GB,180,55.00
865,MV 5 GB / 30 Days,Maldives,5 GB,30,55.00
944,NG 10 GB / 30 Days,Nigeria,10 GB,30,55.00
677,KE 10 GB / 30 Days,Kenya,10 GB,30,55.00
775,MA 50 GB / 30 Days,Morocco,50 GB,30,55.00
1118,SC 10 GB / 30 Days,Seychelles,10 GB,30,55.00
1355,ZA 20 GB / 30 Days,South Africa,20 GB,30,55.00
228,CL 20 GB / 30 Days,Chile,20 GB,30,55.00
177,BS 5 GB / 30 Days,Bahamas,5 GB,30,55.00
296,DM 5 GB / 30 Days,Dominica,5 GB,30,55.00
1402,EU 50 GB / 30 Days,Europe,50 GB,30,55.00
743,LT 50 GB / 180 Days,Lithuania,50 GB,180,65.00
591,IS 50 GB / 180 Days,Iceland,50 GB,180,65.00
561,IL 50 GB / 180 Days,Israel,50 GB,180,65.00
11,AF 10 GB / 30 Days,Afghanistan,10 GB,30,65.00
626,JO 50 GB / 30 Days,Jordan,50 GB,30,65.00
1425,BN 10 GB / 30 Days,Brunei,10 GB,30,65.00
232,CM 10 GB / 30 Days,Cameroon,10 GB,30,65.00
1539,TD 10 GB / 30 Days,Chad,10 GB,30,65.00
1173,SN 10 GB / 30 Days,Senegal,10 GB,30,65.00
1280,UG 10 GB / 30 Days,Uganda,10 GB,30,65.00
910,MZ 20 GB / 30 Days,Mozambique,20 GB,30,65.00
1189,SZ 5 GB / 30 Days,Swaziland,5 GB,30,65.00
139,BJ 10 GB / 30 Days,Benin,10 GB,30,65.00
183,BW 10 GB / 30 Days,Botswana,10 GB,30,65.00
1506,MW 10 GB / 30 Days,Malawi,10 GB,30,65.00
860,MU 10 GB / 30 Days,Mauritius,10 GB,30,65.00
243,CO 20 GB / 30 Days,Colombia,20 GB,30,65.00
1007,PE 20 GB / 30 Days,Peru,20 GB,30,65.00
152,BO 10 GB / 30 Days,Bolivia,10 GB,30,65.00
466,GY 10 GB / 30 Days,Guyana,10 GB,30,65.00
1181,SR 10 GB / 30 Days,Suriname,10 GB,30,65.00
366,FJ 20 GB / 30 Days,Fiji,20 GB,30,65.00
995,PA 10 GB / 30 Days,Panama,10 GB,30,65.00
199,BZ 5 GB / 30 Days,Belize,5 GB,30,65.00
22,AL 102 MB / 7 Days,Albania,102 MB,7,69.00
1341,VN 50 GB / 180 Days,Vietnam,50 GB,180,75.00
1021,PH 50 GB / 180 Days,Philippines,50 GB,180,75.00
1344,YE 5 GB / 30 Days,Yemen,5 GB,30,75.00
20,AI 10 GB / 30 Days,Anguilla,10 GB,30,85.00
146,BN 20 GB / 30 Days,Brunei,20 GB,30,85.00
613,JM 10 GB / 30 Days,Jamaica,10 GB,30,85.00
100,BB 10 GB / 30 Days,Barbados,10 GB,30,85.00
408,GD 10 GB / 30 Days,Grenada,10 GB,30,85.00
884,MX 50 GB / 30 Days,Mexico,50 GB,30,99.99
825,MN 20 GB / 30 Days,Mongolia,20 GB,30,99.99
866,MV 10 GB / 30 Days,Maldives,10 GB,30,99.99
945,NG 20 GB / 30 Days,Nigeria,20 GB,30,99.99
930,NA 50 GB / 180 Days,Namibia,50 GB,180,99.99
1119,SC 20 GB / 30 Days,Seychelles,20 GB,30,99.99
170,BR 50 GB / 30 Days,Brazil,50 GB,30,99.99
178,BS 10 GB / 30 Days,Bahamas,10 GB,30,99.99
678,KE 20 GB / 30 Days,Kenya,20 GB,30,110.00
861,MU 20 GB / 30 Days,Mauritius,20 GB,30,115.00
996,PA 20 GB / 30 Days,Panama,20 GB,30,115.00
12,AF 20 GB / 30 Days,Afghanistan,20 GB,30,120.00
1190,SZ 10 GB / 30 Days,Swaziland,10 GB,30,120.00
200,BZ 10 GB / 30 Days,Belize,10 GB,30,120.00
297,DM 10 GB / 30 Days,Dominica,10 GB,30,120.00
1109,RW 10 GB / 30 Days,Rwanda,10 GB,30,125.00
427,GH 20 GB / 30 Days,Ghana,20 GB,30,130.00
153,BO 20 GB / 30 Days,Bolivia,20 GB,30,135.00
1182,SR 20 GB / 30 Days,Suriname,20 GB,30,135.00
21,AI 20 GB / 30 Days,Anguilla,20 GB,30,155.00
614,JM 20 GB / 30 Days,Jamaica,20 GB,30,155.00
101,BB 20 GB / 30 Days,Barbados,20 GB,30,155.00
409,GD 20 GB / 30 Days,Grenada,20 GB,30,155.00
867,MV 20 GB / 30 Days,Maldives,20 GB,30,190.00
179,BS 20 GB / 30 Days,Bahamas,20 GB,30,190.00
298,DM 20 GB / 30 Days,Dominica,20 GB,30,190.00
467,GY 20 GB / 30 Days,Guyana,20 GB,30,220.00
201,BZ 20 GB / 30 Days,Belize,20 GB,30,220.00
1191,SZ 20 GB / 30 Days,Swaziland,20 GB,30,235.00
140,BJ 20 GB / 30 Days,Benin,20 GB,30,235.00
1110,RW 20 GB / 30 Days,Rwanda,20 GB,30,235.00
